{"cameraMode":{"drawMode":0,"name":"Shaded","section":"Shading Mode"},"sceneLighting":false,"audioPlay":false,"sceneViewState":{"showFog":true,"showMaterialUpdate":false,"showSkybox":false,"showFlares":true,"showImageEffects":true,"showParticleSystems":true},"in2DMode":false,"pivot":{"x":1.1920928955078126e-7,"y":2.0,"z":1.1920928955078126e-7},"rotation":{"x":0.012968874536454678,"y":0.9855751991271973,"z":-0.08924959599971771,"w":0.14321476221084596},"size":6.866917133331299,"orthographic":false}