{"cameraMode":{"drawMode":0,"name":"Shaded","section":"Shading Mode"},"sceneLighting":false,"audioPlay":false,"sceneViewState":{"showFog":true,"showMaterialUpdate":false,"showSkybox":false,"showFlares":true,"showImageEffects":true,"showParticleSystems":true},"in2DMode":false,"pivot":{"x":-0.3124494254589081,"y":0.9375,"z":-0.8125001192092896},"rotation":{"x":0.012968874536454678,"y":0.9855751991271973,"z":-0.08924959599971771,"w":0.14321476221084596},"size":4.221873760223389,"orthographic":false}