{"cameraMode":{"drawMode":0,"name":"Shaded","section":"Shading Mode"},"sceneLighting":true,"audioPlay":false,"sceneViewState":{"showFog":true,"showMaterialUpdate":true,"showSkybox":true,"showFlares":true,"showImageEffects":true,"showParticleSystems":true},"in2DMode":false,"pivot":{"x":-0.9359170198440552,"y":-2.470578193664551,"z":-1.8961563110351563},"rotation":{"x":0.008398386649787426,"y":0.9187721610069275,"z":-0.3942142128944397,"w":0.019573725759983064},"size":18.444522857666017,"orthographic":false}