{"cameraMode":{"drawMode":0,"name":"Shaded","section":"Shading Mode"},"sceneLighting":true,"audioPlay":false,"sceneViewState":{"showFog":true,"showMaterialUpdate":false,"showSkybox":true,"showFlares":true,"showImageEffects":true,"showParticleSystems":true},"in2DMode":false,"pivot":{"x":-12.22706127166748,"y":2.3996012210845949,"z":4.571047782897949},"rotation":{"x":-0.023963354527950288,"y":0.9067673087120056,"z":-0.05202441290020943,"w":-0.4177294075489044},"size":2.705414295196533,"orthographic":false}