{"cameraMode":{"drawMode":0,"name":"Shaded","section":"Shading Mode"},"sceneLighting":false,"audioPlay":false,"sceneViewState":{"showFog":true,"showMaterialUpdate":false,"showSkybox":false,"showFlares":true,"showImageEffects":true,"showParticleSystems":true},"in2DMode":false,"pivot":{"x":-0.5402708053588867,"y":0.6882894039154053,"z":0.3386704921722412},"rotation":{"x":0.05345949903130531,"y":0.9436162114143372,"z":-0.26604607701301577,"w":0.18961192667484284},"size":3.9698903560638429,"orthographic":false}