{"cameraMode":{"drawMode":0,"name":"Shaded","section":"Shading Mode"},"sceneLighting":true,"audioPlay":false,"sceneViewState":{"showFog":true,"showMaterialUpdate":false,"showSkybox":true,"showFlares":true,"showImageEffects":true,"showParticleSystems":true},"in2DMode":false,"pivot":{"x":-9.905548095703125,"y":2.123286008834839,"z":3.2942962646484377},"rotation":{"x":-0.005174359772354364,"y":0.9943935871124268,"z":-0.058547381311655048,"w":-0.08793333917856217},"size":5.105414867401123,"orthographic":false}